song_number	song_name	soundcloud_link
1	nah (gppls daily 1) - 10.10.18 freestyle (prod. yung kartz)	https://soundcloud.com/geoppls/gppls-daily-1
2	heizman (gppls daily 2) - 10.11.18 freestyle (prod. yung kartz)	https://soundcloud.com/geoppls/gppls-daily-2
3	honkers (gppls daily 3) - 10.12.18 freestyle (prod. yung kartz)	https://soundcloud.com/geoppls/gppls-daily-3
4	banger (gppls daily 4) - 10.13.18 freestyle (prod. yung kartz)	https://soundcloud.com/geoppls/gppls-daily-4
5	slipn s l i d e (gppls daily 5) - 10.14.18 freestyle (prod. box)	https://soundcloud.com/geoppls/gppls-daily-5
6	tik tok (gppls daily 6) - 10.15.18 freestyle (prod. LS)	https://soundcloud.com/geoppls/gppls-daily-6
7	malcom gladwell (gppls daily 7) - 10.16.18 freestyle (prod. fiori)	https://soundcloud.com/geoppls/gppls-daily-7
8	exhaust (gppls daily 8) - 10.17.18 freestyle (prod. makaih beats)	https://soundcloud.com/geoppls/gppls-daily-8
9	sad face mad face (gppls daily 9) - 10.18.18 freestyle (prod. boxoflegacy)	https://soundcloud.com/geoppls/gppls-daily-9
10	uhhh (gppls daily 10) - 10.19.18 freestyle (prod. guillermo)	https://soundcloud.com/geoppls/gppls-daily-10
11	worth freestyle - g.ppls daily 11 (prod. fiori)	https://soundcloud.com/geoppls/gppls-daily-11
12	meditations freestyle - g.ppls daily 12 (prod. superstar)	https://soundcloud.com/geoppls/gppls-daily-12
13	light through a prism freestyle - g.ppls daily 13 (prod. box)	https://soundcloud.com/geoppls/gppls-daily-13
14	puffy freestyle - g.ppls daily 14 (prod. yung kartz)	https://soundcloud.com/geoppls/gppls-daily-14
15	suzuka circuit - g.ppls daily 15 (prod. fiori)	https://soundcloud.com/geoppls/gppls-daily-15
16	FBGM freestyle - g.ppls daily 16 (prod. fiori)	https://soundcloud.com/geoppls/gppls-daily-16
17	powered up freestyle - g.ppls daily 17	https://soundcloud.com/geoppls/gppls-daily-17
18	s stands for sh*t - g.ppls daily 18 (prod L.S)	https://soundcloud.com/geoppls/gppls-daily-18
19	all my people freestyle - g.ppls daily 19 (prod. shiva)	https://soundcloud.com/geoppls/gppls-daily-19
20	don't skimp freestyle - g.ppls daily 20 (prod. shiva)	https://soundcloud.com/geoppls/gppls-daily-20
21	sandra? freestyle - g.ppls daily 21 (prod. guillermo)	https://soundcloud.com/geoppls/gppls-daily-21
22	Gold Bricks Freestyle - g.ppls daily 22 (prod L.S.)	https://soundcloud.com/geoppls/gppls-daily-22
23	S[erveItUp]O.S. freestyle - g.ppls daily 23 (prod. shiva)	https://soundcloud.com/geoppls/gppls-daily-23
24	comic strip freestyle - g.ppls daily 24 (prod. keynine9)	https://soundcloud.com/geoppls/gppls-daily-24
25	liftoff freestyle - g.ppls daily 25 (prod. b.young)	https://soundcloud.com/geoppls/gppls-daily-25
26	out of my head freestyle - g.ppls daily 26 (prod. shiva)	https://soundcloud.com/geoppls/gppls-daily-26
27	t9 freestyle - g.ppls daily 27 (prod. keynine9)	https://soundcloud.com/geoppls/gppls-daily-27
28	aint nobody freestyle - g.ppls daily 28 (prod. turismo)	https://soundcloud.com/geoppls/gppls-daily-28
29	my own shoota freestyle - g.ppls daily 29 (prod. jusmight)	https://soundcloud.com/geoppls/gppls-daily-29
30	purpose 4the paper freestyle - g.ppls daily 30 (prod. yung kartz)	https://soundcloud.com/geoppls/gppls-daily-30
31	cyanide tonight - g.ppls daily 31 (prod. fiori)	https://soundcloud.com/geoppls/gppls-daily-31
32	unfinished business freestyle - g.ppls daily 32 (prod. b.young)	https://soundcloud.com/geoppls/gppls-daily-32
33	pimp my ride freestyle - g.ppls daily 33 (prod. zuwop)	https://soundcloud.com/geoppls/gppls-daily-33
34	i like it - g.ppls daily 34 (prod. LSonthetracc)	https://soundcloud.com/geoppls/gppls-daily-34
35	cold freestyle - g.ppls daily 35 (prod. LDNcalling)	https://soundcloud.com/geoppls/gppls-daily-35
36	watchu talkinabout freestyle - g.ppls daily 36 (prod. k a s i n o)	https://soundcloud.com/geoppls/gppls-daily-36
37	wipe me down freestyle - g.ppls daily 37 (prod. zuwop)	https://soundcloud.com/geoppls/gppls-daily-37
38	lap 'em freestyle - g.ppls daily 38 (prod. thatboyslim)	https://soundcloud.com/geoppls/gppls-daily-38
39	lake berryessa freestyle - g.ppls daily 39 (prod. freddy finesse)	https://soundcloud.com/geoppls/gppls-daily-39
40	pounce freestyle - g.ppls daily 40 (prod. thatboyslim97)	https://soundcloud.com/geoppls/gppls-daily-40
41	therapist freestyle - g.ppls daily 41 (prod. upside)	https://soundcloud.com/geoppls/gppls-daily-41
42	third eye candy freestyle - g.ppls daily 42 (prod. thatboyslim97)	https://soundcloud.com/geoppls/gppls-daily-42
43	hoard & diversify freestyle - g.ppls daily 43 (prod. soho)	https://soundcloud.com/geoppls/gppls-daily-43
44	the only thing freestyle - g.ppls daily 44 (prod. soho)	https://soundcloud.com/geoppls/gppls-daily-44
45	atomic atoms freestyle - g.ppls daily 45 (prod. thatboyslim)	https://soundcloud.com/geoppls/gppls-daily-45
46	fire sale freestyle - g.ppls daily 46 (prod. yung kartz)	https://soundcloud.com/geoppls/gppls-daily-46
47	make it this far freestyle - g.ppls daily 47 (prod. LDNcalling)	https://soundcloud.com/geoppls/gppls-daily-47
48	place no blame freestyle - g.ppls daily 48 (prod. LDNcalling)	https://soundcloud.com/geoppls/gppls-daily-48
49	missigno freestyle compilation - g.ppls daily 49 (prod. LDNcalling)	https://soundcloud.com/geoppls/gppls-daily-49
50	android astroboi84 freestyle - g.ppls daily 50 (prod. c-chris)	https://soundcloud.com/geoppls/gppls-daily-50
51	a1r4 freestyle - g.ppls daily 51 (prod. thatboyslim)	https://soundcloud.com/geoppls/gppls-daily-51
52	spotted freestyle - g.ppls daily 52 (prod. thatboyslim)	https://soundcloud.com/geoppls/gppls-daily-52
53	saying something different (SSD) freestyle - g.ppls daily 53 (prod. keynine9)	https://soundcloud.com/geoppls/gppls-daily-53
54	shawty gon - g.ppls daily 54 (prod. soho)	https://soundcloud.com/geoppls/gppls-daily-54
55	blue eyes white dragon - g.ppls daily 55 (prod. thatboyslim)	https://soundcloud.com/geoppls/gppls-daily-55
56	io freestyle - g.ppls daily 56 (prod. manolo)	https://soundcloud.com/geoppls/gppls-daily-56
57	not a red sea freesytle - g.ppls daily 57 (prod. thatboyslim)	https://soundcloud.com/geoppls/gppls-daily-57
58	sequoia freestyle - g.ppls daily 58 (prod. LDNcalling)	https://soundcloud.com/geoppls/gppls-daily-58
59	sniff that dolce freestyle - g.ppls daily 59 (prod. thatboyslim)	https://soundcloud.com/geoppls/gppls-daily-59
60	what the music sound like - g.ppls daily 60 (prod. lucidsoundz)	https://soundcloud.com/geoppls/gppls-daily-60
61	hecho en el HOU - g.ppls daily 61 (prod. moneyflex)	https://soundcloud.com/geoppls/gppls-daily-61
62	jin kazama freestyle - g.ppls daily 62 (prod. blasian)	https://soundcloud.com/geoppls/gppls-daily-62
63	skipping eras freestyle - g.ppls daily 63 (prod. zuwop)	https://soundcloud.com/geoppls/gppls-daily-63
64	naughty nice freestyle - g.ppls daily 64 (prod. moneyflex)	https://soundcloud.com/geoppls/gppls-daily-64
65	right now - g.ppls gaily 65 (prod. moneyflex)	https://soundcloud.com/geoppls/gppls-daily-65
66	7evilXs freestyle - g.ppls daily 66 (prod. yung kartz)	https://soundcloud.com/geoppls/gppls-daily-66
67	ryu's special move - g.ppls daily 67 (prod. chxsebankbeats)	https://soundcloud.com/geoppls/gppls-daily-67
68	partner in crime - g.ppls daily 68 (prod. chxsebankbeats)	https://soundcloud.com/geoppls/gppls-daily-68
69	rainbow road freestyle - g.ppls daily 69 (prod. MOTHERFVNKER)	https://soundcloud.com/geoppls/gppls-daily-69
70	on the run wit villains - g.ppls daily 70 (prod. MOTHERFVNKER)	https://soundcloud.com/geoppls/gppls-daily-70
71	sadboy joy - g.ppls daily 71 (prod. thatboyslim)	https://soundcloud.com/geoppls/gppls-daily-71
72	wait on me freestyle - g.ppls daily 72 (prod. c frescho)	https://soundcloud.com/geoppls/gppls-daily-72
73	slump no mo freestyle - g.ppls daily 73 (prod. c frescho)	https://soundcloud.com/geoppls/gppls-daily-73
74	playstation freestyle - g.ppls daily 74 (prod. g.b. kiaku army)	https://soundcloud.com/geoppls/gppls-daily-74
75	36 questions freestyle - gppls daily 75 (prod. yung kartz)	https://soundcloud.com/geoppls/gppls-daily-75
76	cloutmate - gppls daily 76 (prod. c frescho)	https://soundcloud.com/geoppls/gppls-daily-76
77	feel your fingerprint freestyle - gppls daily 77 (prod. ragu)	https://soundcloud.com/geoppls/gppls-daily-77
78	tom nook the bad dude freestyle - gppls daily 78 (prod. abril)	https://soundcloud.com/geoppls/gppls-daily-78
79	red dead rubicoin - gppls daily 79 (prod. G v R Y)	https://soundcloud.com/geoppls/gppls-daily-79
80	barter 4 tha booty freestyle - gppls daily 80 (prod. lowsock)	https://soundcloud.com/geoppls/gppls-daily-80
81	make it take it - gppls daily 81 (prod. LDNcalling)	https://soundcloud.com/geoppls/gppls-daily-81
82	verizon - gppls daily 82 (prod. motherfvnker)	https://soundcloud.com/geoppls/gppls-daily-82
83	i know your type freestyle - gppls daily 83 (prod. motherfvnker)	https://soundcloud.com/geoppls/gppls-daily-83
84	meek mill ft drake going bad remix - burned on bitmex (gppls daily 84)	https://soundcloud.com/geoppls/gppls-daily-84
85	three p's - gppls daily 85 (prod. zyonlangley)	https://soundcloud.com/geoppls/gppls-daily-85
86	silly slick freestyle - gppls daily 86 (prod. bossa n0va)	https://soundcloud.com/geoppls/gppls-daily-86
87	so long freestyle - gppls daily 87 (prod. thatboyslim)	https://soundcloud.com/geoppls/gppls-daily-87
88	oniwaban - gppls daily 88 (prod. durrty r)	https://soundcloud.com/geoppls/gppls-daily-88
89	now and later freestyle - gppls daily 89 (prod. malice)	https://soundcloud.com/geoppls/gppls-daily-89
90	boost freestyle - gppls daily 90 (prod. malice)	https://soundcloud.com/geoppls/gppls-daily-90
91	invasion - gppls daily 91 (prod. LDNcalling)	https://soundcloud.com/geoppls/gppls-daily-91
92	geass - gppls daily 92 (prod. sparx)	https://soundcloud.com/geoppls/gppls-daily-92
93	e. coli - gppls daily 93 (prod. c freshco)	https://soundcloud.com/geoppls/gppls-daily-93
94	ballin' freestyle - gppls daily 94 (prod. don ed)	https://soundcloud.com/geoppls/gppls-daily-94
95	tide pods freestyle - gppls daily 95 (prod. tapehook)	https://soundcloud.com/geoppls/gppls-daily-95
96	gotta race freestyle - gppls daily 96 (prod. thatboyslim)	https://soundcloud.com/geoppls/gppls-daily-96
97	nipples like diamonds freestyle - gppls daily 97 (prod. malice)	https://soundcloud.com/geoppls/gppls-daily-97
98	rapping in the darkness freestyle - gppls daily 98 (prod. malice)	https://soundcloud.com/geoppls/gppls-daily-98
99	tech fleece - gppls daily 99 (prod. malice)	https://soundcloud.com/geoppls/gppls-daily-99
100	mercury freestyle - gppls daily 100 (prod. level x nakita)	https://soundcloud.com/geoppls/gppls-daily-100
101	velvet freestyle snippet - gppls daily 101 (prod. level)	https://soundcloud.com/geoppls/gppls-daily-101
102	melatonin freestyle - gppls daily 102 (prod. level)	https://soundcloud.com/geoppls/gppls-daily-102
103	tapioca freestyle - gppls daily 103 (prod. kevin katana)	https://soundcloud.com/geoppls/gppls-daily-103
104	wokin' on 'em - gppls daily 104 (prod. level x consent)	https://soundcloud.com/geoppls/gppls-daily-104
105	highway - gppls daily 105 (prod. yung don)	https://soundcloud.com/geoppls/gppls-daily-105
106	blood boy - gppls daily 106 (prod. djtaylorscott)	https://soundcloud.com/geoppls/gppls-daily-106
107	mama mia - gppls daily 107 (prod. yung don)	https://soundcloud.com/geoppls/gppls-daily-107
108	carts - gppls daily 108 (prod. n0va)	https://soundcloud.com/geoppls/gppls-daily-108
109	hippie hollow freestyle - gppls daily 109 (prod. diplomat)	https://soundcloud.com/geoppls/gppls-daily-109
110	a/s/l - gppls daily 110 (prod. don ed)	https://soundcloud.com/geoppls/gppls-daily-110
111	purple scorpion - gppls daily 111 (prod. westcrash)	https://soundcloud.com/geoppls/gppls-daily-111
112	#365wayoflife freestyle - gppls daily 112 (prod. ragu)	https://soundcloud.com/geoppls/gppls-daily-112
113	rulebook freestyle - gppls daily 113 (prod. malice)	https://soundcloud.com/geoppls/gppls-daily-113
114	disposable income freestyle - gppls daily 114 (prod. tapehook)	https://soundcloud.com/geoppls/gppls-daily-114
115	affinity freestyle - gppls daily 115 (prod. tapehook)	https://soundcloud.com/geoppls/gppls-daily-115
116	wait around - gppls daily 116 (prod. incredible)	https://soundcloud.com/geoppls/gppls-daily-116
117	mixin it with baileys freestyle - gppls daily 117 (prod. thatboyslim)	https://soundcloud.com/geoppls/gppls-daily-117
118	magnetic strip - gppls daily 118 (prod. tapehook)	https://soundcloud.com/geoppls/gppls-daily-118
119	tommy pickles - gppls daily 119 (prod. motherfvnker)	https://soundcloud.com/geoppls/gppls-daily-119
120	longer - gppls daily 120 (prod. c freshco)	https://soundcloud.com/geoppls/gppls-daily-120
121	gundam - gppls daily 121 (prod. sachy)	https://soundcloud.com/geoppls/gppls-daily-121
122	airpods - gppls daily 122 (prod. foreign vu)	https://soundcloud.com/geoppls/gppls-daily-122
123	down under - gppls daily 123 (prod. moneyflex)	https://soundcloud.com/geoppls/gppls-daily-123
124	no vision - gppls daily 124 (prod. thatboyslim)	https://soundcloud.com/geoppls/gppls-daily-124
125	irohazaka road freestyle - gppls daily 125 (prod. thatboyslim)	https://soundcloud.com/geoppls/gppls-daily-125
126	frequent function freestyle - gppls daily 126 (prod. malice)	https://soundcloud.com/geoppls/gppls-daily-126
127	black hatchback - gppls daily 127 (prod. yung don)	https://soundcloud.com/geoppls/gppls-daily-127
128	stuck - gppls daily 128 (astro world type track)	https://soundcloud.com/geoppls/gppls-daily-128
129	hooky with wolfie freestyle - gppls daily 129 (prod. c freshco)	https://soundcloud.com/geoppls/gppls-daily-129
130	contentious freestyle - gppls daily 130 (prod. c freshco)	https://soundcloud.com/geoppls/gppls-daily-130
131	keg stand freestyle - gppls daily 131 (prod. malice)	https://soundcloud.com/geoppls/gppls-daily-131
132	i'm gon get mine - gppls daily 132 (prod. g.ppls)	https://soundcloud.com/geoppls/gppls-daily-132
133	calypso - gppls daily 133	https://soundcloud.com/geoppls/gppls-daily-133
134	head nod freestyle - gppls daily 134 (prod. nookie)	https://soundcloud.com/geoppls/gppls-daily-134
135	petty freestyle - gppls daily 135 (prod. yung don)	https://soundcloud.com/geoppls/gppls-daily-135
136	chemical x freestyle - gppls daily 136 (prod. yung don)	https://soundcloud.com/geoppls/gppls-daily-136
137	like me - gppls daily 137	https://soundcloud.com/geoppls/gppls-daily-137
138	no business - gppls daily 138 (prod. yung kartz)	https://soundcloud.com/geoppls/gppls-daily-138
139	wanted - gppls daily 139 (prod. kev)	https://soundcloud.com/geoppls/gppls-daily-139
140	effective communication freestyle - gppls daily 140 (prod. malice beats)	https://soundcloud.com/geoppls/gppls-daily-140
141	no jealousy freestyle - gppls daily 141 (prod. level)	https://soundcloud.com/geoppls/gppls-daily-141
142	scurvy - gppls daily 142 (prod. malice)	https://soundcloud.com/geoppls/gppls-daily-142
143	spoil my chick - gppls daily 143 (prod. yung kartz)	https://soundcloud.com/geoppls/gppls-daily-143
144	fan freestyle - gppls daily 144 (prod. yung kartz)	https://soundcloud.com/geoppls/gppls-daily-144
145	hace frio freestyle - gppls daily 145 (prod. yung don)	https://soundcloud.com/geoppls/gppls-daily-145
146	the game holy water remix - downloaded freestyle (gppls daily 146)	https://soundcloud.com/geoppls/gppls-daily-146
147	knock on my chest freestyle - gppls daily 147 (prod. raesam)	https://soundcloud.com/geoppls/gppls-daily-147
148	cash blast - gppls daily 148 (prod. e-trou)	https://soundcloud.com/geoppls/gppls-daily-148
149	do the splits - gppls daily 149 (prod. malice beats)	https://soundcloud.com/geoppls/gppls-daily-149
150	nope - gppls daily 150	https://soundcloud.com/geoppls/gppls-daily-150
151	sweet chin music - gppls daily 151 (prod. lukasbl)	https://soundcloud.com/geoppls/gppls-daily-151
152	hoochies freestyle - gppls daily 152 (prod. jay okay)	https://soundcloud.com/geoppls/gppls-daily-152
153	jigsaw - gppls daily 153 (prod. lukasbl)	https://soundcloud.com/geoppls/gppls-daily-153
154	varsity blues - gppls daily 154 (prod. palaze x diplomat)	https://soundcloud.com/geoppls/gppls-daily-154
155	nike clout (shoe just ripped) - gppls daily 155 (prod. raesam)	https://soundcloud.com/geoppls/gppls-daily-155
156	2 chainz momma i hit a lick remix - attack on LA HQ - (gppls daily 156)	https://soundcloud.com/geoppls/gppls-daily-156
157	beheaded pyramids/key lime pie - gppls daily 157 (prod. c freshco)	https://soundcloud.com/geoppls/gppls-daily-157
158	graveyard discog - gppls daily 158 (prod. foreign vu)	https://soundcloud.com/geoppls/gppls-daily-158
159	hand up to the matrix - gppls daily 159	https://soundcloud.com/geoppls/gppls-daily-159
160	ultraman - gppls daily 160	https://soundcloud.com/geoppls/gppls-daily-160
161	deep - gppls daily 161 (prod. yung kamasutra)	https://soundcloud.com/geoppls/gppls-daily-161
162	candyland freestyle - gppls daily 162 (prod. kev)	https://soundcloud.com/geoppls/gppls-daily-162
163	time to waste freestyle - gppls daily 163 (prod. yung don)	https://soundcloud.com/geoppls/gppls-daily-163
164	on the strings freestyle - gppls daily 164 (prod. keynine9)	https://soundcloud.com/geoppls/gppls-daily-164
165	reaching - gppls daily 165	https://soundcloud.com/geoppls/gppls-daily-165
166	bop type beat - gppls daily 166	https://soundcloud.com/geoppls/gppls-daily-166
167	lily - gppls daily 167 (prod. lcs)	https://soundcloud.com/geoppls/gppls-daily-167
168	turnip - gppls daily 168 (prod. 27corazones)	https://soundcloud.com/geoppls/gppls-daily-168
169	delayed rim job type beat - gppls daily 169	https://soundcloud.com/geoppls/gppls-daily-169
170	havoc phase 1 type beat - gppls daily 170	https://soundcloud.com/geoppls/gppls-daily-170
171	taro type beat - gppls daily 171	https://soundcloud.com/geoppls/gppls-daily-171
172	noty - gppls daily 172 (prod. denver)	https://soundcloud.com/geoppls/gppls-daily-172
173	essence - gppls daily 173 (prod. internetVin)	https://soundcloud.com/geoppls/gppls-daily-173
174	run away from austin - gppls daily 174 (prod. c-chris)	https://soundcloud.com/geoppls/gppls-daily-174
175	geyser - gppls daily 175 (prod. shogun)	https://soundcloud.com/geoppls/gppls-daily-175
176	agency - gppls daily 176 (prod. shogun)	https://soundcloud.com/geoppls/gppls-daily-176
177	fifty dollar bills - gppls daily 177	https://soundcloud.com/geoppls/gppls-daily-177
178	hula hoopin to the future ft danny keys - gppls daily 178	https://soundcloud.com/geoppls/gppls-daily-178
179	havoc phase 2 type beat - gppls daily 179	https://soundcloud.com/geoppls/gppls-daily-179
180	habibi pt 1 - gppls daily 180	https://soundcloud.com/geoppls/gppls-daily-180
181	idk - gppls daily 181 (prod. kev)	https://soundcloud.com/geoppls/gppls-daily-181
182	snow white - gppls daily 182 (prod. tapehook)	https://soundcloud.com/geoppls/gppls-daily-182
183	sweep you off your feet - gppls daily 183 (prod. thatboyslim)	https://soundcloud.com/geoppls/gppls-daily-183
184	big bells type beat - gppls daily 184	https://soundcloud.com/geoppls/gppls-daily-184
185	chrome v1 type beat - gppls daily 185	https://soundcloud.com/geoppls/gppls-daily-185
186	hijo pt 1 - gppls daily 186 (prod. kev)	https://soundcloud.com/geoppls/gppls-daily-186
187	hijo pt 2 - gppls daily 187 (prod. kev)	https://soundcloud.com/geoppls/gppls-daily-187
188	habibi pt 2 - gppls daily 188	https://soundcloud.com/geoppls/gppls-daily-188
189	pico freestyle - gppls daily 189 (prod. vaporbeats)	https://soundcloud.com/geoppls/gppls-daily-189
190	wham - gppls daily 190 (prod. thatboyslim)	https://soundcloud.com/geoppls/gppls-daily-190
191	yung nomad - gppls daily 191 (prod. c frescho)	https://soundcloud.com/geoppls/gppls-daily-191
192	alchemy pad type beat - gppls daily 192	https://soundcloud.com/geoppls/gppls-daily-192
193	aloof in my balenciagas type beat - gppls daily 193 (4.23.19)	https://soundcloud.com/geoppls/gppls-daily-193
194	time doesn't exist when i'm on the balcony type beat - gppls daily 194 (4.24.19)	https://soundcloud.com/geoppls/gppls-daily-194
195	real human concerns type beat - gppls daily 195 (4.25.19)	https://soundcloud.com/geoppls/gppls-daily-195
196	meet at the triange - gppls daily 196 (4.26.19)	https://soundcloud.com/geoppls/gppls-daily-196
197	pidgeotto type beat - gppls daily 197 (4.27.19)	https://soundcloud.com/geoppls/gppls-daily-197
198	wreak type beat - gppls daily 198	https://soundcloud.com/geoppls/gppls-daily-198
199	quasar type beat - gppls daily 199	https://soundcloud.com/geoppls/gppls-daily-199
200	possible type beat - gppls daily 200 (4.30.19)	https://soundcloud.com/geoppls/gppls-daily-200
201	kartz type beat - gppls daily 201	https://soundcloud.com/geoppls/gppls-daily-201
202	etch a sketch freestyle - gppls daily 202 (prod. level)	https://soundcloud.com/geoppls/gppls-daily-202
203	go through airport security with an erection (tsa) - gppls daily 203 (prod. d'artizt)	https://soundcloud.com/geoppls/gppls-daily-203
204	drab type beat - gppls daily 204 (5.3.19)	https://soundcloud.com/geoppls/gppls-daily-204
205	marti type beat - gppls daily 205	https://soundcloud.com/geoppls/gppls-daily-205
206	cut strings type beat - gppls daily 206	https://soundcloud.com/geoppls/gppls-daily-206
207	hustlin out the honda just like austen allred - gppls daily 207 (prod. c freshco)	https://soundcloud.com/geoppls/gppls-daily-207
208	*clears throat* - gppls daily 208	https://soundcloud.com/geoppls/gppls-daily-208
209	bad brakes (*clears throat* pt 2) - gppls daily 209	https://soundcloud.com/geoppls/gppls-daily-209
210	pew type beat - gppls daily 210	https://soundcloud.com/geoppls/gppls-daily-210
211	wyd freestyle - gppls daily 211 (prod. g point)	https://soundcloud.com/geoppls/gppls-daily-211
212	hasta luego - gppls daily 212 (JID flip)	https://soundcloud.com/geoppls/gppls-daily-212
213	you and me tight like superglue freestyle - gppls daily 213 (prod. motherfvnker)	https://soundcloud.com/geoppls/gppls-daily-213
214	i mess up over again - gppls daily 214 (prod. chxse bank)	https://soundcloud.com/geoppls/gppls-daily-214
215	i put ketchup on my eggs - gppls daily 215 (prod. tridemenn)	https://soundcloud.com/geoppls/gppls-daily-215
216	liquor remix ft vincithe1 - gppls daily 216	https://soundcloud.com/geoppls/gppls-daily-216
217	bih got me fuud up freestyle - gppls daily 217	https://soundcloud.com/geoppls/gppls-daily-217
218	puffin my proair freestyle - gppls daily 218 (to shush by tek.lun)	https://soundcloud.com/geoppls/gppls-daily-218
219	game over type beat - gppls daily 219	https://soundcloud.com/geoppls/gppls-daily-219
220	innovation - gppls daily 220 (dvsn run away flip)	https://soundcloud.com/geoppls/gppls-daily-220
221	got IP in my noggin freestyle - gppls daily 221 (prod. motherfvnker)	https://soundcloud.com/geoppls/gppls-daily-221
222	fuh content i want distribution freestyle - gppls daily 222	https://soundcloud.com/geoppls/gppls-daily-222
223	i could diss yo azz and you wouldn't even notice freestyle - gppls daily 223	https://soundcloud.com/geoppls/gppls-daily-223
224	can't stand another tear rolling down your face freestyle - gppls daily 224 (prod. level)	https://soundcloud.com/geoppls/gppls-daily-224
225	coral type beat - gppls daily 225	https://soundcloud.com/geoppls/gppls-daily-225
226	submersed type beat - gppls daily 226	https://soundcloud.com/geoppls/gppls-daily-226
227	vibrations type beat - gppls daily 227	https://soundcloud.com/geoppls/gppls-daily-227
228	never let a girl fall in love - asap rocky fukk sleep remix (gppls daily 228)	https://soundcloud.com/geoppls/gppls-daily-228
229	tyler durden (this is chemical burn) type beat - gppls daily 229	https://soundcloud.com/geoppls/gppls-daily-229
230	annihilation (we are becoming the shimmer) type beat - gppls daily 230	https://soundcloud.com/geoppls/gppls-daily-230
231	chuckie hit the dougie type beat - gppls daily 231	https://soundcloud.com/geoppls/gppls-daily-231
232	game of thrones s6 ep10 type beat - gppls daily 232	https://soundcloud.com/geoppls/gppls-daily-232
233	cruisin thru santa cruz type beat - gppls daily 233	https://soundcloud.com/geoppls/gppls-daily-233
234	got her laid across the table so i ladle the sauce freestyle - gppls daily 234	https://soundcloud.com/geoppls/gppls-daily-234
235	too tipsy off hennessy type beat - gppls daily 235	https://soundcloud.com/geoppls/gppls-daily-235
236	asleep at the wheel type beat - gppls daily 236	https://soundcloud.com/geoppls/gppls-daily-236
237	i'm leaving the city, everything reminds me of you type beat - gppls daily 237	https://soundcloud.com/geoppls/gppls-daily-237
238	pop the clutch in my peugeot type beat - gppls daily 238	https://soundcloud.com/geoppls/gppls-daily-238
239	wear my heart on sleeve, mood tee type beat - gppls daily 239	https://soundcloud.com/geoppls/gppls-daily-239
240	the moment before a bubble bursts type beat - gppls daily 240	https://soundcloud.com/geoppls/gppls-daily-240
241	the moment after a bubble bursts type beat - gppls daily 241	https://soundcloud.com/geoppls/gppls-daily-241
242	if we're not boyfriend and girlfriend i don't want it type beat - gppls daily 242	https://soundcloud.com/geoppls/gppls-daily-242
243	don't blow the transmission type beat - gppls daily 243	https://soundcloud.com/geoppls/gppls-daily-243
244	taking off on a space oddessey type beat - gppls daily 244	https://soundcloud.com/geoppls/gppls-daily-244
245	trappin in paradise type beat - gppls daily 245	https://soundcloud.com/geoppls/gppls-daily-245
246	just landed in port of spain type beat - gppls daily 246	https://soundcloud.com/geoppls/gppls-daily-246
247	gengar used dream eater type beat - gppls daily 247	https://soundcloud.com/geoppls/gppls-daily-247
248	pretty girls don't know the things i know type beat - gppls daily 248	https://soundcloud.com/geoppls/gppls-daily-248
249	i'm bout to blow up on multiple talents freestyle - gppls daily 249	https://soundcloud.com/geoppls/gppls-daily-249
250	make love wherever we go type beat - gppls daily 250	https://soundcloud.com/geoppls/gppls-daily-250
251	tryna catch me ridin dirty type beat - gppls daily 251	https://soundcloud.com/geoppls/gppls-daily-251
252	jovial race type beat - gppls daily 252	https://soundcloud.com/geoppls/gppls-daily-252
253	lil wayne i want some cookies type beat - gppls daily 253	https://soundcloud.com/geoppls/gppls-daily-253
254	gppls daily 254 type beat	https://soundcloud.com/geoppls/gppls-daily-254
255	gppls daily 255 type beat	https://soundcloud.com/geoppls/gppls-daily-255
256	gppls daily 256 type beat	https://soundcloud.com/geoppls/gppls-daily-256
257	gppls daily 257 type beat	https://soundcloud.com/geoppls/gppls-daily-257
258	make that bch evolve freestyle - gppls daily 258 (prod. kev)	https://soundcloud.com/geoppls/gppls-daily-258
259	if i stop making music freestyle - gppls daily 259 (prod. brennan)	https://soundcloud.com/geoppls/gppls-daily-259
260	i don't wanna smoke solo freestyle (blow mo) - gppls daily 260 (prod. tapehook)	https://soundcloud.com/geoppls/gppls-daily-260
261	chiropractor freestyle - gppls daily 261 (prod. tapehook)	https://soundcloud.com/geoppls/gppls-daily-261
262	more diffuse state freestyle - gppls daily 262	https://soundcloud.com/geoppls/gppls-daily-262
263	shut that up freestyle - gppls daily 263 (prod. tapehook)	https://soundcloud.com/geoppls/gppls-daily-263
264	if you broke who i'm talkin to then freestyle - gppls daily 264	https://soundcloud.com/geoppls/gppls-daily-264
265	thrash if i want to freestyle - gppls daily 265	https://soundcloud.com/geoppls/gppls-daily-265
266	morphin into somethin different freestyle - gppls daily 266 (prod. ram trikha)	https://soundcloud.com/geoppls/gppls-daily-266
267	i want my check type beat - gppls daily 267 type beat	https://soundcloud.com/geoppls/gppls-daily-267
268	so wet like a pool freestyle - gppls daily 268	https://soundcloud.com/geoppls/gppls-daily-268
269	gutted garcia vega in hand - gppls daily 269 (prod fly melodies)	https://soundcloud.com/geoppls/gppls-daily-269
270	put hydraulics in my el camino type beat - gppls daily 270	https://soundcloud.com/geoppls/gppls-daily-270
271	gppls daily 271 type beat	https://soundcloud.com/geoppls/gppls-daily-271
272	gppls daily 272 type beat	https://soundcloud.com/geoppls/gppls-daily-272
273	we don't mix like water and oil spills type beat - gppls daily 273	https://soundcloud.com/geoppls/gppls-daily-273
274	gppls daily 274 based freestyle	https://soundcloud.com/geoppls/gppls-daily-274
275	woke like insomniac freestyle - gppls daily 275 (prod sahara)	https://soundcloud.com/geoppls/gppls-daily-275
276	what do you say - gppls daily 276	https://soundcloud.com/geoppls/gppls-daily-276
277	1up freestyle - gppls daily 277	https://soundcloud.com/geoppls/gppls-daily-277
278	money gobbin - gppls daily 278 (prod. pilgrim)	https://soundcloud.com/geoppls/gppls-daily-278
279	camping out the plug's house freestyle - gppls daily 279 (prod. carlos santana)	https://soundcloud.com/geoppls/gppls-daily-279
280	mobility freestyle - gppls daily 280 (prod. moneyflex)	https://soundcloud.com/geoppls/gppls-daily-280
281	gone but not for long freestyle - gppls daily 281 (prod. premise)	https://soundcloud.com/geoppls/gppls-daily-281
282	wonton soup freestyle - gppls daily 282 (prod. samsmashbro)	https://soundcloud.com/geoppls/gppls-daily-282
283	r2d2 freestyle - gppls daily 283 (prod. samsmashbro)	https://soundcloud.com/geoppls/gppls-daily-283
284	companion freestyle - gppls daily 284 (prod. level)	https://soundcloud.com/geoppls/gppls-daily-284
285	neuralink freestyle - gppls daily 285 (prod. loubeats)	https://soundcloud.com/geoppls/gppls-daily-285
286	put my kick on his neck and never let up freestyle - gppls daily 286 (prod. thatboyslim)	https://soundcloud.com/geoppls/gppls-daily-286
287	am i lucid yet? freestyle - gppls daily 287	https://soundcloud.com/geoppls/gppls-daily-287
288	she fell in love like i set a trap freestyle - gppls daily 288	https://soundcloud.com/geoppls/gppls-daily-288
289	focar freestyle - gppls daily 289 (prod. oskrr)	https://soundcloud.com/geoppls/gppls-daily-289
290	the good ones go and the bad ones stay - gppls daily 290	https://soundcloud.com/geoppls/gppls-daily-290
291	waves foldin down - gppls daily 291 (prod. internetVin)	https://soundcloud.com/geoppls/gppls-daily-291
292	i became a pro when i treated my craft as a profession freestyle - gppls daily 292 (prod. combat)	https://soundcloud.com/geoppls/gppls-daily-292
293	i just spread my wings freestyle - gppls daily 293 (prod. c fre$cho)	https://soundcloud.com/geoppls/gppls-daily-293
294	marcus aurelius was the philosopher king plato talked about freestyle - gppls daily 294	https://soundcloud.com/geoppls/gppls-daily-294
295	gppls daily 295 freestyle (prod. yung kartz)	https://soundcloud.com/geoppls/gppls-daily-295-freestyle
296	take a hint [water] - gppls daily 296 (prod. yung kartz)	https://soundcloud.com/geoppls/gppls-daily-296
297	summer fling after summer fling freestyle - gppls daily 297 (prod. jabari)	https://soundcloud.com/geoppls/gppls-daily-297
298	bitty beads freestyle - gppls daily 298 (prod. tapehook)	https://soundcloud.com/geoppls/gppls-daily-298
299	i wanna live my best life freestyle - gppls daily 299 (prod. c fre$cho)	https://soundcloud.com/geoppls/gppls-daily-299
300	instagram's a stuntin contest freestyle - gppls daily 300 (prod. c fre$cho)	https://soundcloud.com/geoppls/gppls-daily-300
301	i saw you today but i gave you space - gppls daily 301 (prod. tridemenn)	https://soundcloud.com/geoppls/i-saw-you-today-but-i-gave-you-space-gppls-daily-301
302	matter it don't matter we're just matter - gppls daily 302 (prod. yung kartz)	https://soundcloud.com/geoppls/gppls-daily-302
303	tryna figure out my owns psychology - gppls daily 303 (prod. kiyoto)	https://soundcloud.com/geoppls/gppls-daily-303
304	i make music as my life moves along freestyle - gppls daily 304 (prod. kiyoto)	https://soundcloud.com/geoppls/gppls-daily-304
305	mt. fijiyama freestyle - gppls daily 305 (prod. kiyoto)	https://soundcloud.com/geoppls/gppls-daily-305
306	left, right freestyle - gppls daily 306 (prod. motherfvnker)	https://soundcloud.com/geoppls/gppls-daily-306
307	savor every moment like a delicacy freestyle - gppls daily 307 (prod. motherfvnker)	https://soundcloud.com/geoppls/gppls-daily-307
308	the force awakens within me freestyle - gppls daily 308 (prod. oscrr)	https://soundcloud.com/geoppls/gppls-daily-308
309	wanna be my shawty? freestyle - gppls daily 309 (prod. foreign vu)	https://soundcloud.com/geoppls/gppls-daily-309
310	residual income for automated checks freestyle - gppls daily 310 (prod. flymelodies)	https://soundcloud.com/geoppls/gppls-daily-310
311	tryna get connected freestyle - gppls daily 311 (prod. jflex)	https://soundcloud.com/geoppls/gppls-daily-311
312	hyrdaulics & hydroponic freestyle - gppls daily 312 (prod. durrty r)	https://soundcloud.com/geoppls/gppls-daily-312
313	netflix & chill freestyle - gppls daily 313 (prod. durrty r)	https://soundcloud.com/geoppls/we-could-watch-a-movie-freestyle-gppls-daily-313
314	a startup song - gppls daily 314	https://soundcloud.com/geoppls/a-startup-song-gppls-daily-314
315	gaijin freestyle - gppls daily 315 (prod. durrty r)	https://soundcloud.com/geoppls/gppls-daily-315
316	unworthy/memetics freestyle - gppls daily 316 (prod. cee mar q)	https://soundcloud.com/geoppls/gppls-daily-316
317	gppls daily 317 freestyle	https://soundcloud.com/geoppls/gppls-daily-317
318	asap rocky praise the lord remix - gppls daily 318 freestyle	https://soundcloud.com/geoppls/gppls-daily-318
319	i'm in space freestyle - gppls daily 319 (prod. pilgrim)	https://soundcloud.com/geoppls/gppls-daily-319
320	dingy n*gga stunt on you any day freestyle - gppls daily 320 (prod. sahara)	https://soundcloud.com/geoppls/gppls-daily-320
321	when things get heavy on your chest freestyle - gppls daily 321	https://soundcloud.com/geoppls/gppls-daily-321
322	we run the street freestyle - gppls daily 322 (prod. donnie katana)	https://soundcloud.com/geoppls/we-run-the-street-freestyle-gppls-daily-322
323	elon musk never give up - gppls daily 323	https://soundcloud.com/geoppls/gppls-daily-323
324	nature never rushes, take a step back freestyle - gppls daily 324 (prod. versus)	https://soundcloud.com/geoppls/gppls-daily-324
325	all wave no cap son freestyle (millions) - gppls daily 325 (prod. donnie katana)	https://soundcloud.com/geoppls/all-wave-no-cap-son-millions-gppls-daily-325
326	wreckless mr miyagi penny boarding in the lowlight freestyle - gppls daily 326 (prod. pilgrim)	https://soundcloud.com/geoppls/gppls-daily-326
327	flooded freestyle - gppls daily 327 (prod. durrty r)	https://soundcloud.com/geoppls/gppls-daily-327
328	find your way freesytle - gppls daily 328 (prod. pk)	https://soundcloud.com/geoppls/gppls-daily-328
329	jerkin in my vlados freestyle - gppls daily 329 (prod eem triplin x level)	https://soundcloud.com/geoppls/gppls-daily-329
330	everybody dies eventually...right? freestyle - gppls daily 330	https://soundcloud.com/geoppls/gppls-daily-330
331	she got me havin eureka moments freestyle - gppls daily 331 (prod level)	https://soundcloud.com/geoppls/gppls-daily-331
332	rockin' hermes freestyle - gppls daily 332 (prod foreign vu)	https://soundcloud.com/geoppls/gppls-daily-332
333	winternomics (man in the mask) gppls daily 333 (prod lucas depetti)	https://soundcloud.com/geoppls/gppls-daily-333
334	petty crimes/sharing songs on instagram freestyle - gppls daily 334 (prod masta roshi)	https://soundcloud.com/geoppls/gppls-daily-334
335	round we go freesytle - gppls daily 335 (prod. lucas depetti)	https://soundcloud.com/geoppls/gppls-daily-335
336	delta freestyle - gppls daily 336 (prod pk)	https://soundcloud.com/geoppls/gppls-daily-336
337	time folds freestyle - gppls daily 337 (prod. crazed infant)	https://soundcloud.com/geoppls/gppls-daily-337
338	can i get a refill? - gppls daily 338 (prod durrty r beats)	https://soundcloud.com/geoppls/gppls-daily-338
339	we gon run amuck freestyle - gppls daily 339 (prod 171)	https://soundcloud.com/geoppls/gppls-daily-339
340	ehyeah (cheat still) - gppls daily 340 (prod jabarionthebeat)	https://soundcloud.com/geoppls/gppls-daily-340
341	what's a better time than now? - gppls daily 341 (prod. 171)	https://soundcloud.com/geoppls/gppls-daily-341
342	seeing is believing freestyle - gppls daily 342 (prod. tridemenn)	https://soundcloud.com/geoppls/gppls-daily-342
343	little clear bag in her hand - gppls daily 343 (prod YZ)	https://soundcloud.com/geoppls/gppls-daily-343
344	bad days & bad thoughts - gppls daily 344 (prod. tridemenn)	https://soundcloud.com/geoppls/gppls-daily-344
345	back in the day i rocked obey freestyle - gppls daily 345 (prod chain)	https://soundcloud.com/geoppls/gppls-daily-345
346	put your money in your mouth freestyle - gppls daily 346 (prod premise)	https://soundcloud.com/geoppls/gppls-daily-346
347	barreling down the rabbit hole again freestyle - gppls daily 347 (prod fiori)	https://soundcloud.com/geoppls/gppls-daily-347
348	worshipping dollars & diamonds - gppls daily 348 (prod donnie katana)	https://soundcloud.com/geoppls/gppls-daily-348
349	what now? freestyle - gppls daily 349 (prod. donnie katana)	https://soundcloud.com/geoppls/gppls-daily-349
350	i just wanna make sure we're aligned freestyle - gppls daily 350 (prod. motherfvnker)	https://soundcloud.com/geoppls/gppls-daily-350
351	i never get home before the sun goes down - gppls daily 351 (prod level)	https://soundcloud.com/geoppls/gppls-daily-351
352	it's just nice freestyle - gppls daily 352 (prod theskybeats)	https://soundcloud.com/geoppls/gppls-daily-352
353	i can see through your eyes freestyle - gppls daily 353 (prod pilgrim)	https://soundcloud.com/geoppls/gppls-daily-353
354	higher dimensionality freestyle - gppls daily 354	https://soundcloud.com/geoppls/gppls-daily-354
355	pick it up & return it freestyle - gppls daily 355 (prod franky m)	https://soundcloud.com/geoppls/gppls-daily-355
356	i love it freestyle - gppls daily 356 (prod lucas depetti)	https://soundcloud.com/geoppls/gppls-daily-356
357	dopamine hits freestyle - gppls daily 357 (prod lucas depetti)	https://soundcloud.com/geoppls/gppls-daily-357
358	gucci bandana freestyle - gppls daily 358 (prod lucas depetti)	https://soundcloud.com/geoppls/gppls-daily-358
359	cool it with that rara freestyle - gppls daily 359 (prod jabarionthebeat)	https://soundcloud.com/geoppls/gppls-daily-359
360	tu eres loca un poca - gppls daily 360 (prod flowers in narnia)	https://soundcloud.com/geoppls/gppls-daily-360
361	i think i can - gppls daily 361 (prod lee)	https://soundcloud.com/geoppls/gppls-daily-361
362	revolution - gppls daily 362 (prod lucas depetti)	https://soundcloud.com/geoppls/revolution-gppls-daily-362-prod-lucas-depetti
363	hydroplayne - gppls daily 363 (prod tridemenn)	https://soundcloud.com/geoppls/gppls-daily-363
364	bounce like you got a cash hand - gppls daily 364 (prod donnie katana)	https://soundcloud.com/geoppls/gppls-daily-364
365	too bad freestyle - gppls daily 365	https://soundcloud.com/geoppls/gppls-daily-365
